CaseAcc,CaseF1,CasePrec,CaseRec,DiceBefore,DiceLoss,FN,FP,MeanDice,MeanIoU,N,PixF1,PixPrec,PixRec,Spec,StdDice,TN,TP,model
0.21137026239067055,0.3489771359807461,0.21137026239067055,1.0,,,0,1082,0.00558051373809576,0.0028664280304755833,1372,0.005580513569246462,0.0028664280304755833,0.21137026239067055,0.0,0.016170023009181023,0,290,PTXSegNet_highres
0.7886297376093294,0.0,0.0,0.0,,,290,0,0.7886297106742859,0.7886297376093294,1372,0.0,0.0,0.0,1.0,0.4082803726196289,1082,0,UNet_ResNet50_1024_focal
0.7864431486880467,0.006779661016949152,0.2,0.0034482758620689655,,,289,4,0.7857142686843872,0.7857142857142857,1372,0.0,0.0,0.0,0.9963031423290203,0.41032588481903076,1078,1,UNet_EffNetB4_1024_focal
